{"cameraMode":{"drawMode":0,"name":"Shaded","section":"Shading Mode"},"sceneLighting":false,"audioPlay":false,"sceneViewState":{"m_AlwaysRefresh":false,"showFog":false,"showSkybox":false,"showFlares":false,"showImageEffects":false,"showParticleSystems":false,"showVisualEffectGraphs":true,"m_FxEnabled":true},"in2DMode":false,"pivot":{"x":-0.07152217626571655,"y":0.33541321754455569,"z":1.198499083518982},"rotation":{"x":-0.3525288999080658,"y":-0.007869737222790718,"z":0.0029384540393948557,"w":-0.9356945157051086},"size":1.5081067085266114,"orthographic":false}